insert into sites
values (1, 'example.com'),
       (2, 'opencv.org'),
       (3, 'tarantool.io');

insert into documents
values (1, 'Hello, there!', 1),
       (2, '2n93hd1idqldql qwbd13h iuh13hdnc iu2h3idh2fh92h', 1),
       (3, 'jqd18738d2ieufn as', 1),
       (4, '3dSDQ asqqidjmoqwd', 1),
       (5, 'jqd18738d2ieufn asqqidjmoqwd1872eyh28gd', 1),
       (6, '183rci bii2hfi2nc ni2hf92 ommwd', 1),
       (7, 'xiu12891hch k', 1),
       (8, '1I87981DCH IH1DHK', 1),
       (9, '123IUI2 _2O3DJO1IUDUG UYB2EBD BJB   BJ', 1),
       (10, 'A', 1),
       (11, 'A___03i hihhi23hi*&gcwehb bb2jbd jbjjhwe', 1),
       (12, '1i29 hihkjj          jbjbwdu((*ui13bc', 1),
       (13, '1i29 hihkjj  293  jbjbwdu((*ui13bccb2jehb bbj', 1),
       (14, '12FDIU1HI(9h92hiedaxmcb hjJHHJbmbBBJbc_!_d1', 1),
       (15, 'Com''on, don''t give it up.', 1),
       (16, '___ejfu28 h8h23k nnnn nnnnnnnnnnn nsak', 2),
       (17, 'z', 2),
       (18, ' nidui12i n          n', 2),
       (19, 'qni12iocuowqe  hBJJjhbwdbjcb', 2),
       (20, 'mbqev 781828b  12ugcuqAHS1EOGF3ORVEFOGH3RUFB', 2),
       (21, '2ie  23uyfu2 bhh21i1h9 9i', 2),
       (22, 'zZZzz u 8ehh  AJN nx  xxx', 2),
       (23, 'Xnbj2 92993 23uh2d', 2),
       (24, 'qwkd9 u9J(JMbweb', 2),
       (25, 'qwkd9 u9JP_{  jk kj+1=-1p2aslk', 2),
       (26, 'j23gygvu ub2ubjb bj2wbdbhjcjBJBvdwhs bbjwebcs vhhwbd2u', 2),
       (27, 'H8183 hkjbJKBS___21= 9 90)HSDKJ W ERFHWEJF', 2),
       (28, 'AASweqf 2wefz', 2),
       (29, '239h hkh2wdja d13bdj', 3),
       (30, 'qwdqwdxx w', 3),
       (31, 'x', 3),
       (32, '  !!!!  wkenk 00 -- -2ndj    dsh', 3),
       (33, '!u2u12ucU@37298* N ewd JBJ   +_e', 3),
       (34, '   kNKnwenc  we 2i 9JOIkhwdb UHBe   w', 3),
       (35, '287H(khbed bhjb23 24fb2jUN wefhwe1   2hef', 3),
       (36, 'xyz1123456yutorehfdusybg qhsd', 3);

insert into tokens
values (1, 'hello'),
       (2, 'there'),
       (3, '2n93hd1idqldql'),
       (4, 'qwbd13h'),
       (5, 'iuh13hdnc'),
       (6, 'iu2h3idh2fh92h'),
       (7, 'jqd18738d2ieufn'),
       (8, 'asqqidjmoqwd1872eyh28gd'),
       (9, '3dSDQ'),
       (10, 'asqqidjmoqwd'),
       (11, 'ni2hf92'),
       (12, 'xiu12891hch'),
       (13, 'k'),
       (14, 'z'),
       (15, 'x'),
       (16, '1I87981DCH'),
       (17, 'IH1DHK'),
       (18, '123IUI2'),
       (19, 'Com'),
       (20, '1i29'),
       (21, 'hihkjj'),
       (22, 'mbqev'),
       (23, 'nidui12i'),
       (24, 'n'),
       (25, 'A'),
       (26, 'bj2wbdbhjcjBJBvdwhs'),
       (27, 'H8183'),
       (28, 'qwdqwdxx'),
       (29, 'xyz1123456yutorehfdusybg'),
       (30, '2wefz'),
       (31, '!u2u12ucU@37298*'),
       (32, 'UYB2EBD'),
       (33, 'ERFHWEJF'),
       (34, '23uh2d'),
       (35, 'bhh21i1h9'),
       (36, '2i'),
       (37, 'w'),
       (38, 'u9JP_{'),
       (39, 'give'),
       (40, 'it'),
       (41, 'qwkd9');

insert into entries(token_id, document_id)
values (1, 1),
       (2, 1),
       (3, 2),
       (4, 2),
       (5, 2),
       (6, 2),
       (7, 3),
       (8, 5),
       (9, 4),
       (10, 4),
       (11, 6),
       (12, 7),
       (13, 7),
       (33, 27),
       (26, 26),
       (36, 24),
       (36, 21),
       (41, 24),
       (41, 25),
       (38, 25),
       (35, 21),
       (40, 15);

insert into users(username, password, role)
values ('a.droideka', '22uy3fg813hdqisd', 'admin'),
       ('p.zinko', '1eiu12hkJJJJJJJ', 'guest'),
       ('e.drobot', '1xadh2oj2o2fjdkjwf', 'guest');
